{
  "01/1964": 0.0106306258,
  "02/1964": 0.0106306258,
  "03/1964": 0.0106306258,
  "01/1965": 0.0094076334,
  "02/1965": 0.0094076334,
  "03/1965": 0.0094076334,
  "04/1965": 0.0079333028,
  "05/1965": 0.0079333028,
  "06/1965": 0.0079333028,
  "07/1965": 0.0069938327,
  "08/1965": 0.0069938327,
  "09/1965": 0.0067710992,
  "10/1965": 0.0066859282,
  "11/1965": 0.0066234428,
  "12/1965": 0.0065218563,
  "01/1966": 0.0064039914,
  "02/1966": 0.0062349711,
  "03/1966": 0.0061448704,
  "04/1966": 0.0060401283,
  "05/1966": 0.0058154408,
  "06/1966": 0.0055686882,
  "07/1966": 0.0053500885,
  "08/1966": 0.0052034389,
  "09/1966": 0.0050597933,
  "10/1966": 0.0049193085,
  "11/1966": 0.0047928881,
  "12/1966": 0.004685159,
  "01/1967": 0.0045762487,
  "02/1967": 4.470406122,
  "03/1967": 4.3783466879,
  "04/1967": 4.3143773369,
  "05/1967": 4.2505500833,
  "06/1967": 4.1754225288,
  "07/1967": 4.0605904348,
  "08/1967": 3.9607398503,
  "09/1967": 3.9011470672,
  "10/1967": 3.8826244552,
  "11/1967": 3.8558671593,
  "12/1967": 3.8020836045,
  "01/1968": 3.7326635387,
  "02/1968": 3.6682628565,
  "03/1968": 3.6158591014,
  "04/1968": 3.5637364258,
  "05/1968": 3.4980670478,
  "06/1968": 3.4072518456,
  "07/1968": 3.3127534304,
  "08/1968": 3.2400566163,
  "09/1968": 3.1818694278,
  "10/1968": 3.1377289723,
  "11/1968": 3.0911967892,
  "12/1968": 3.0416668836,
  "01/1969": 2.9844541713,
  "02/1969": 2.9309693295,
  "03/1969": 2.8801478619,
  "04/1969": 2.8401351211,
  "05/1969": 2.796797095,
  "06/1969": 2.7626366316,
  "07/1969": 2.7258014765,
  "08/1969": 2.7070602898,
  "09/1969": 2.6872158135,
  "10/1969": 2.6629824044,
  "11/1969": 2.6203169234,
  "12/1969": 2.5665441232,
  "01/1970": 2.5101831779,
  "02/1970": 2.4551098749,
  "03/1970": 2.4067524922,
  "04/1970": 2.3798132434,
  "05/1970": 2.3581689792,
  "06/1970": 2.3364012655,
  "07/1970": 2.3010012464,
  "08/1970": 2.2807607291,
  "09/1970": 2.2594316171,
  "10/1970": 2.2328556518,
  "11/1970": 2.1914297584,
  "12/1970": 2.1458671292,
  "01/1971": 2.1046576437,
  "02/1971": 2.0666068737,
  "03/1971": 2.039644236,
  "04/1971": 2.0194957747,
  "05/1971": 1.9963616447,
  "06/1971": 1.9682699052,
  "07/1971": 1.9300337252,
  "08/1971": 1.892243816,
  "09/1971": 1.8533169035,
  "10/1971": 1.8137904382,
  "11/1971": 1.7779939385,
  "12/1971": 1.7493213359,
  "01/1972": 1.7279950842,
  "02/1972": 1.7074567553,
  "03/1972": 1.68499378,
  "04/1972": 1.6659811563,
  "05/1972": 1.6440806926,
  "06/1972": 1.6168252104,
  "07/1972": 1.5883199997,
  "08/1972": 1.5658603267,
  "09/1972": 1.552822927,
  "10/1972": 1.5417876372,
  "11/1972": 1.5271693375,
  "12/1972": 1.5171436789,
  "01/1973": 1.5000177449,
  "02/1973": 1.4853466198,
  "03/1973": 1.469942721,
  "04/1973": 1.4524697033,
  "05/1973": 1.4359888908,
  "06/1973": 1.4179839614,
  "07/1973": 1.402457224,
  "08/1973": 1.3899876776,
  "09/1973": 1.3784525101,
  "10/1973": 1.3651760316,
  "11/1973": 1.355947163,
  "12/1973": 1.3444575387,
  "01/1974": 1.318609,
  "02/1974": 1.3048515721,
  "03/1974": 1.2855999224,
  "04/1974": 1.2696316444,
  "05/1974": 1.249192216,
  "06/1974": 1.2231763616,
  "07/1974": 1.1838113317,
  "08/1974": 1.1339334142,
  "09/1974": 1.0823280145,
  "10/1974": 1.0432409969,
  "11/1974": 1.0211936367,
  "12/1974": 1.0085025859,
  "01/1975": 0.9957498837,
  "02/1975": 0.9808660046,
  "03/1975": 0.9648416916,
  "04/1975": 0.9470490653,
  "05/1975": 0.9285200243,
  "06/1975": 0.9075920565,
  "07/1975": 0.8913076011,
  "08/1975": 0.8763189975,
  "09/1975": 0.8628754674,
  "10/1975": 0.8457140619,
  "11/1975": 0.8277369585,
  "12/1975": 0.8119320063,
  "01/1976": 0.797257069,
  "02/1976": 0.7822388343,
  "03/1976": 0.7651234892,
  "04/1976": 0.7473724521,
  "05/1976": 0.7289738571,
  "06/1976": 0.7079060903,
  "07/1976": 0.6876213298,
  "08/1976": 0.6704904294,
  "09/1976": 0.6523056856,
  "10/1976": 0.6315348279,
  "11/1976": 0.6095542293,
  "12/1976": 0.5916421281,
  "01/1977": 0.578852478,
  "02/1977": 0.5689999335,
  "03/1977": 0.5580088057,
  "04/1977": 0.5456359779,
  "05/1977": 0.5303380274,
  "06/1977": 0.5138050149,
  "07/1977": 0.4972229073,
  "08/1977": 0.4842889052,
  "09/1977": 0.4745603213,
  "10/1977": 0.4680002535,
  "11/1977": 0.4615990342,
  "12/1977": 0.4548055856,
  "01/1978": 0.4460651963,
  "02/1978": 0.4368451103,
  "03/1978": 0.426949908,
  "04/1978": 0.4162180713,
  "05/1978": 0.4044061992,
  "06/1978": 0.3924477908,
  "07/1978": 0.3809713933,
  "08/1978": 0.3696580346,
  "09/1978": 0.3596652488,
  "10/1978": 0.3505102627,
  "11/1978": 0.3423822268,
  "12/1978": 0.3338344981,
  "01/1979": 0.3252746392,
  "02/1979": 0.3180917342,
  "03/1979": 0.3108642793,
  "04/1979": 0.3032902273,
  "05/1979": 0.292339285,
  "06/1979": 0.2815761445,
  "07/1979": 0.2725102732,
  "08/1979": 0.2652947458,
  "09/1979": 0.2578746788,
  "10/1979": 0.2479157126,
  "11/1979": 0.237042071,
  "12/1979": 0.226806037,
  "01/1980": 0.2179166053,
  "02/1980": 0.2091284354,
  "03/1980": 0.2016660803,
  "04/1980": 0.1944721528,
  "05/1980": 0.1875352955,
  "06/1980": 0.1813697603,
  "07/1980": 0.1757447761,
  "08/1980": 0.1702943654,
  "09/1980": 0.1650128954,
  "10/1980": 0.1602059461,
  "11/1980": 0.1552392085,
  "12/1980": 0.1504262878,
  "01/1981": 0.1439488931,
  "02/1981": 0.1370933,
  "03/1981": 0.1287265631,
  "04/1981": 0.1210970515,
  "05/1981": 0.1142426978,
  "06/1981": 0.1077763267,
  "07/1981": 0.1016759355,
  "08/1981": 0.0959209016,
  "09/1981": 0.0906624516,
  "10/1981": 0.0857730477,
  "11/1981": 0.0811473372,
  "12/1981": 0.0769170297,
  "01/1982": 0.0731149809,
  "02/1982": 0.0696332239,
  "03/1982": 0.0663174802,
  "04/1982": 0.0631594862,
  "05/1982": 0.0598669026,
  "06/1982": 0.0567460019,
  "07/1982": 0.053787553,
  "08/1982": 0.0507430859,
  "09/1982": 0.04742343,
  "10/1982": 0.0443210513,
  "11/1982": 0.0414215191,
  "12/1982": 0.0388934345,
  "01/1983": 0.0365196888,
  "02/1983": 0.0344524897,
  "03/1983": 0.0322891631,
  "04/1983": 0.0296230755,
  "05/1983": 0.0271771106,
  "06/1983": 0.0251639842,
  "07/1983": 0.0233432346,
  "08/1983": 0.021415831,
  "09/1983": 0.0197381017,
  "10/1983": 0.0180256783,
  "11/1983": 0.0164317855,
  "12/1983": 0.0151584784,
  "01/1984": 0.0140878001,
  "02/1984": 0.0128304129,
  "03/1984": 0.011425117,
  "04/1984": 0.010386471,
  "05/1984": 0.0095376236,
  "06/1984": 0.0087581507,
  "07/1984": 0.008020287,
  "08/1984": 0.0072713396,
  "09/1984": 0.0065744478,
  "10/1984": 0.0059498661,
  "11/1984": 0.00528395,
  "12/1984": 0.0048079623,
  "01/1985": 0.0043510968,
  "02/1985": 0.0038642067,
  "03/1985": 0.0035065397,
  "04/1985": 0.0031113933,
  "05/1985": 0.0027822702,
  "06/1985": 0.0025292009,
  "07/1985": 0.0023159441,
  "08/1985": 0.0021520845,
  "09/1985": 0.0019893606,
  "10/1985": 0.0018234287,
  "11/1985": 0.0016728703,
  "12/1985": 0.0015054629,
  "01/1986": 0.001328037,
  "02/1986": 0.001142594,
  "03/1986": 0.9991189867,
  "04/1986": 0.9991189867,
  "05/1986": 0.9991189867,
  "06/1986": 0.9991189867,
  "07/1986": 0.9991189867,
  "08/1986": 0.9991189867,
  "09/1986": 0.9991189867,
  "10/1986": 0.9991189867,
  "11/1986": 0.9991189867,
  "12/1986": 0.9991189867,
  "01/1987": 0.9991189867,
  "02/1987": 0.9991189867,
  "03/1987": 0.5853546621,
  "04/1987": 0.5111615146,
  "05/1987": 0.422588091,
  "06/1987": 0.3423381322,
  "07/1987": 0.2900659232,
  "08/1987": 0.2814792284,
  "09/1987": 0.2646475147,
  "10/1987": 0.2504210977,
  "11/1987": 0.2293653668,
  "12/1987": 0.2032663343,
  "01/1988": 0.1780853355,
  "02/1988": 0.1528486847,
  "03/1988": 0.1295754128,
  "04/1988": 0.1116932244,
  "05/1988": 0.0936396277,
  "06/1988": 0.0795039041,
  "07/1988": 0.0665137463,
  "08/1988": 0.0536228664,
  "09/1988": 0.0444413017,
  "10/1988": 0.0358369129,
  "11/1988": 0.028162613,
  "12/1988": 0.0221892509,
  "01/1989": 17.2290091846,
  "02/1989": 12.0718954489,
  "03/1989": 10.9605006799,
  "04/1989": 10.3312516645,
  "05/1989": 9.6278435683,
  "06/1989": 8.7575803674,